{
  "class_name": "PinholeCameraParameters",
  "extrinsic": [
    -0.9971,
    0.0158,
    -0.0741,
    0.0,
    0.0102,
    -0.9408,
    -0.3389,
    0.0,
    -0.075,
    -0.3387,
    0.9379,
    0.0,
    19.0732,
    17.7841,
    23.3001,
    1.0
  ],
  "intrinsic": {
    "height": 500,
    "intrinsic_matrix": [
      346.41016151377551,
      0.0,
      0.0,
      0.0,
      346.41016151377551,
      0.0,
      249.5,
      249.5,
      1.0
    ],
    "width": 500
  },
  "version_major": 1,
  "version_minor": 0
}